,USFLUX,MEANGAM,MEANGBT,MEANGBZ,MEANGBH,MEANJZD,TOTUSJZ,MEANALP,MEANJZH,TOTUSJH,ABSNJZH,SAVNCPP,MEANPOT,TOTPOT,MEANSHR,SHRGT45,ERRVF,ERRGAM,ERRBT,ERRBZ,ERRBH,ERRJZ,ERRUSI,ERRALP,ERRMIH,ERRTAI,ERRJHT,ERRMPOT,ERRTPOT,ERRMSHA
0,7.970524e+21,62.323,107.212,107.166,71.985,-0.10616145,21745310000000.0,-0.01844022,-0.00629171,860.565,105.676,8336747000000.0,7870.856,1.75566e+23,50.881,53.578,4.150298e+18,0.037,0.234,0.133,0.285,0.0843625,188177600000.0,0.00206527,0.00070468,11.836,758543200000.0,11.69171,2.607935e+20,0.0
