,bas_Bz_mean,bas_Bz_std,bas_Bz_skew,bas_Bz_kurt,bas_Bz_tot,bas_Bz_totabs,bas_Bh_mean,bas_Bh_std,bas_Bh_skew,bas_Bh_kurt,bas_gamma_mean,bas_gamma_std,bas_gamma_skew,bas_gamma_kurt,bas_GradB_mean,bas_GradB_std,bas_GradB_skew,bas_GradB_kurt,bas_GradBz_mean,bas_GradBz_std,bas_GradBz_skew,bas_GradBz_kurt,bas_GradBh_mean,bas_GradBh_std,bas_GradBh_skew,bas_GradBh_kurt,bas_J_mean,bas_J_std,bas_J_skew,bas_J_kurt,bas_itot,bas_itotabs,bas_itot_polarity,bas_Jh_mean,bas_Jh_std,bas_Jh_skew,bas_Jh_kurt,bas_ihtot,bas_ihtotabs,bas_twist_mean,bas_twist_std,bas_twist_skew,bas_twist_kurt,bas_hc_mean,bas_hc_std,bas_hc_skew,bas_hc_kurt,bas_hctot,bas_hctotabs,bas_shear_mean,bas_shear_std,bas_shear_skew,bas_shear_kurt,bas_rho_mean,bas_rho_std,bas_rho_skew,bas_rho_kurt,bas_totrho,bas_entropy
0,2.4533875363372077,144.34390146595106,4.50437494462567,86.55461741835502,12706366.780000001,756192.9199999995,77.62066247359685,110.28274323245637,5.649174983289744,39.78875658563684,-0.04028174909726864,0.3984698016160981,-0.004208034389321325,0.6934278108120826,30.21958381541963,35.90566902949664,5.00719201436236,34.99378802490517,20.766302706803163,37.75995029284098,5.382137182689932,36.506651096035654,25.374835259652347,22.290587628978038,4.447875647498388,38.438654175313,0.9795309178017827,3231.9768291716728,0.09404613983558519,2.706887235699817,768557124.5180496,301914.9376085367,8275038.847030126,-11574.372742211368,590712.7164113288,-2.729886762346989,233.29118099399054,52226140603.28014,3567499464.095357,-5.281466169568007,7980.667920575901,-6.75276410636252,3655.1030784523077,-10108.30524305221,899465.6550491434,-8.156763062350409,949.8008715115318,43276872134.570816,3115622275.2345243,1.2859613381315658,0.5525509135738053,0.3657839192306507,0.021322666211943897,241.8043810479033,1185.4672192511057,10.792696760666326,141.0550223699635,74529913.54410894,0.0
